Index,Sum of Round Trip Mileage (km),Sum of Round Trip CO2 emission (kgCo2e)
1,6.437376,0
2,6.437376,0
3,128.74752,21.454486732800003
4,1.9312128,0
5,19.312128,3.2181730099200005
6,80.4672,13.409054208000002
7,25.749504,4.29089734656
8,0,0
9,6.437376,0
10,12.874752,2.14544867328
11,6.437376,0
12,115.87276800000001,19.309038059520002
13,6.1155072,0
14,16.09344,2.6818108416000004
15,3.218688,0
16,16.09344,0
17,4.5061632,0
18,6.437376,0
19,5.149900800000001,0.5260623667200002
20,6.437376,0
21,35.405568,0
22,48.28032,8.0454325248
23,35.405568,5.899983851520001
24,6.437376,0
25,35.405568,5.899983851520001
26,64.37376,10.727243366400002
27,4.828032,0
28,6.437376,0
29,2.4,0
30,8.04672,0.8219724480000001
31,3.5405568000000005,0
32,1.9312128,0
33,38.624256,1.3696161177600001
34,4.184294400000001,0
35,10.9435392,0
36,3.218688,0
37,45.061632,7.5090703564800005
38,6.437376,0
39,6.437376,0
40,20.921472,0
41,28.968192000000002,4.827259514880001
42,6.437376,0
43,5.4717696,0
44,5.4717696,0
45,0,0
46,3.218688,0
47,6.437376,0
48,54.717696000000004,9.118156861440001
49,9.0123264,0
50,8.690457600000002,0
51,7.4029824,0
52,8.690457600000002,0
53,1.9312128,0
54,115.87276800000001,4.10884835328
55,12.874752,1.3151559168000002
56,35.083699200000005,1.2440679736320002
57,6.437376,0
58,0,0
59,37.014912,6.168164935680001
60,4.828032,0
61,9.656064,0
62,3.8624256,0.39454677504
63,54.717696000000004,9.118156861440001
64,41.842944,6.972708188160001
65,1.609344,0
66,48.28032,1.7120201472
68,11.265408,0
69,64.37376,10.727243366400002
70,54.717696000000004,9.118156861440001
71,9.656064,0
72,2.5749504000000005,0
73,14.484096000000001,2.4136297574400003
74,41.842944,6.972708188160001
75,22.530816,2.3015228544000004
76,4.184294400000001,0
77,7.7248512,0
78,32.18688,0
79,23.4964224,3.915443828736
80,6.437376,0
81,3.218688,0
82,42.80855040000001,7.1336168386560015
83,4.828032,0
84,64.37376,10.727243366400002
85,8.04672,0.8219724480000001
86,57.936384000000004,9.654519029760001
87,6.437376,0
88,4.828032,0
89,25.749504,0
90,56.327040000000004,9.386337945600001
91,51.499008,8.58179469312
92,109.43539200000001,18.236313722880002
93,6.437376,0
94,6.437376,0
95,25.1057664,2.5645540377600002
97,19.312128,0
98,22.530816,0
99,6.437376,0
100,6.437376,0
101,97.2043776,3.4468672296959997
102,20.921472,3.4863540940800006
103,32.18688,1.6952829696000002
104,128.74752,4.5653870592
105,64.37376,3.3905659392000005
106,6.437376,0.22826935296
107,38.624256,0
108,8.690457600000002,1.4481778544640005
109,9.656064,0.9863669376000002
110,70.811136,11.799967703040002
111,16.09344,2.6818108416000004
112,23.818291200000004,2.4330384460800007
113,12.874752,2.14544867328
114,3.5405568000000005,0
115,8.04672,0
116,28.968192000000002,4.827259514880001
117,4.828032,0
118,0,0
120,5.793638400000001,0
121,14.484096000000001,2.4136297574400003
122,3.218688,0
123,3.218688,0
124,51.499008,1.82615482368
125,2.2530816,0
126,64.37376,2.2826935296
127,1.609344,0
128,6.437376,0
129,3.218688,0
130,8.04672,0
131,0,0
132,4.828032,0
133,12.874752,0
134,11.587276800000001,0
135,45.061632,7.5090703564800005
136,38.624256,1.3696161177600001
137,56.327040000000004,9.386337945600001
138,6.437376,0
139,16.09344,0.5706733824
140,25.749504,0.91307741184
141,9.656064,0
142,12.874752,0
143,25.749504,4.29089734656
144,12.874752,0
145,48.28032,4.931834688
146,4.828032,0
147,38.624256,6.436346019840001
148,6.437376,0
149,70.811136,11.799967703040002
150,6.437376,0
151,12.874752,2.14544867328
152,3.218688,0
153,42.4866816,0
154,3.218688,0
155,9.656064,0
156,13.518489600000002,0
157,6.437376,0
158,5.4717696,0
160,12.874752,1.3151559168000002
161,8.04672,0.2853366912
162,48.28032,8.0454325248
163,8.04672,0
164,38.624256,6.436346019840001
165,12.874752,0
166,135.184896,22.527211069440003
167,80.4672,13.409054208000002
168,0,0
169,14.8059648,2.4672659742720002
171,4.184294400000001,0
172,3.218688,0
173,9.656064,1.6090865049600003
174,80.4672,13.409054208000002
175,22.530816,0
176,38.624256,6.436346019840001
177,6.437376,0
178,51.499008,8.58179469312
179,8.04672,0.8219724480000001
180,64.37376,6.575779584000001
181,54.717696000000004,1.94028950016
182,41.842944,6.972708188160001
183,3.5405568000000005,0
184,2.5749504000000005,0
185,41.842944,6.972708188160001
186,64.37376,10.727243366400002
187,1.609344,0
188,3.218688,0
189,48.28032,8.0454325248
190,4.828032,0
191,4.184294400000001,0
192,6.437376,0
193,77.248512,2.7392322355200003
194,15.771571200000002,2.6281746247680005
195,6.437376,1.07272433664
196,11.265408,0
197,80.4672,13.409054208000002
198,9.656064,0
199,4.828032,0.4931834688000001
200,5.149900800000001,0
201,35.405568,5.899983851520001
202,12.874752,2.14544867328
203,9.656064,1.6090865049600003
204,3.8624256,0.643634601984
205,25.749504,4.29089734656
206,80.4672,13.409054208000002
207,8.04672,1.3409054208000002
208,80.4672,2.8533669120000003
209,12.874752,2.14544867328
210,6.437376,0
211,115.87276800000001,19.309038059520002
212,6.437376,0
213,8.04672,0
214,0,0
215,7.081113600000001,0
216,9.656064,0
217,289.68192,48.2725951488
218,8.04672,0.9146706624000001
219,54.717696000000004,2.88198104832
220,9.656064,0
221,9.656064,0
222,6.437376,0
223,3.5405568000000005,0
224,16.09344,1.6439448960000003
225,51.499008,1.82615482368
226,3.218688,0
227,74.029824,2.62509755904
229,16.09344,2.6818108416000004
230,25.749504,2.6303118336000004
231,6.437376,0
232,14.484096000000001,0
233,4.828032,0
234,44.41789440000001,7.401797922816002
235,35.405568,0
236,20.921472,0
237,4.828032,0
238,54.717696000000004,9.118156861440001
239,9.656064,0
240,9.656064,0
241,4.828032,0.8045432524800001
242,8.04672,0
243,5.149900800000001,0
244,3.218688,0
245,38.624256,6.436346019840001
246,51.499008,1.82615482368
247,148.059648,24.672659742720004
248,128.74752,21.454486732800003
249,0,0
250,3.8624256,0
251,41.842944,6.972708188160001
252,115.87276800000001,4.10884835328
253,6.437376,0
254,7.081113600000001,0
255,6.437376,0
256,32.18688,5.363621683200001
257,3.218688,0
258,48.28032,8.0454325248
259,5.793638400000001,0
260,3.218688,0
261,6.437376,0
262,25.749504,0.91307741184
263,7.4029824,0.7562146521600001
264,4.184294400000001,0
265,83.685888,13.945416376320003
266,4.184294400000001,0
267,46.670976,4.7674401984
268,51.499008,5.85389223936
269,74.029824,12.336329871360002
270,9.656064,0
271,115.87276800000001,4.10884835328
272,54.717696000000004,9.118156861440001
273,80.4672,13.409054208000002
274,12.874752,0
275,77.248512,12.872692039680002
276,9.656064,1.6090865049600003
277,4.184294400000001,0
278,8.04672,0
279,251.05766400000002,8.90250476544
280,83.685888,13.945416376320003
281,70.811136,11.799967703040002
282,1.9312128,0
283,6.437376,0.6575779584000001
284,9.656064,1.6090865049600003
285,0,0
286,80.4672,13.409054208000002
287,38.624256,6.436346019840001
288,17.0590464,2.842719492096
289,54.717696000000004,9.118156861440001
290,28.968192000000002,4.827259514880001
291,74.029824,12.336329871360002
293,139.04732160000003,4.930618023936001
294,4.828032,0
295,19.312128,0
296,25.749504,4.29089734656
297,8.368588800000001,1.3945416376320003
298,25.749504,0
299,289.68192,10.2721208832
301,25.749504,2.6303118336000004
302,289.68192,10.2721208832
303,6.437376,0.6575779584000001
304,4.828032,0
305,93.341952,15.554502881280001
306,12.874752,2.14544867328
307,6.759244800000001,0
308,3.218688,0
309,12.874752,2.14544867328
310,20.921472,3.4863540940800006
311,4.828032,0
312,643.7376,22.826935296000002
313,25.749504,4.29089734656
314,251.05766400000002,8.90250476544
315,135.184896,22.527211069440003
316,38.624256,6.436346019840001
317,16.09344,2.6818108416000004
318,61.155072000000004,10.190881198080001
319,5.793638400000001,0
320,19.312128,0
321,4.5061632,0
322,19.312128,0
323,48.28032,8.0454325248
324,3.5405568000000005,0
325,9.656064,0.50858489088
327,0,0
328,48.28032,8.0454325248
329,3.218688,0
330,804.672,28.53366912
331,7.081113600000001,0
333,7.4029824,0.7562146521600001
334,144.84096,24.1362975744
335,3.218688,0
336,9.656064,0
337,57.936384000000004,9.654519029760001
338,0,0
339,4.184294400000001,0
340,5.149900800000001,0
341,57.936384000000004,9.654519029760001
342,32.18688,5.363621683200001
343,6.437376,1.07272433664
344,12.874752,0.45653870592
345,57.936384000000004,9.654519029760001
346,3.218688,0
347,2.5749504000000005,0
348,16.09344,0.5706733824
349,2.5749504000000005,0
350,51.499008,8.58179469312
351,119.09145600000001,19.845400227840003
352,19.312128,0.6848080588800001
353,38.624256,2.03433956352
354,12.874752,2.14544867328
355,6.437376,0
356,3.8624256,0
357,70.811136,11.799967703040002
358,0,0
359,9.0123264,1.501814071296
360,3.5405568000000005,0
361,5.793638400000001,0
362,5.4717696,0
363,14.484096000000001,2.4136297574400003
364,3.218688,0
365,19.312128,3.2181730099200005
366,9.0123264,0
367,22.530816,0.79894273536
368,160.9344,26.818108416000005
369,5.793638400000001,0.5918201625600001
370,32.18688,5.363621683200001
371,8.690457600000002,0
372,144.84096,24.1362975744
373,3.218688,0
374,80.4672,2.8533669120000003
375,4.828032,0
376,6.437376,0
377,41.842944,6.972708188160001
378,6.437376,0
379,48.28032,0
381,4.828032,0
382,112.65408000000001,3.9947136768
383,12.874752,1.3151559168000002
384,11.265408,0
386,9.656064,1.6090865049600003
387,6.437376,0
388,12.874752,2.14544867328
389,4.5061632,0
390,6.437376,1.07272433664
391,9.656064,0
392,3.218688,0
393,6.437376,1.07272433664
394,1.9312128,0
395,12.874752,0
396,6.759244800000001,1.1263605534720003
397,6.437376,0
398,3.218688,0
399,119.09145600000001,19.845400227840003
400,9.656064,1.6090865049600003
401,9.656064,1.6090865049600003
402,20.921472,0
403,9.656064,0.34240402944000004
404,6.437376,0.6575779584000001
405,51.499008,8.58179469312
406,6.437376,1.07272433664
407,16.09344,2.6818108416000004
408,48.28032,8.0454325248
409,3.8624256,0
410,9.656064,1.6090865049600003
411,4.828032,0
412,9.656064,1.6090865049600003
413,32.18688,0
414,51.499008,8.58179469312
415,38.624256,1.3696161177600001
416,54.717696000000004,1.94028950016
417,4.828032,0
418,128.74752,4.5653870592
419,45.061632,1.59788547072
420,6.437376,0.73173652992
421,1.609344,0
422,35.405568,5.899983851520001
423,86.904576,14.481778544640003
424,19.312128,1.9727338752000003
425,61.155072000000004,10.190881198080001
426,6.437376,0.6575779584000001
427,12.874752,0.6781131878400001
428,96.56064,16.0908650496
429,4.828032,0.8045432524800001
430,74.029824,2.62509755904
431,151.92207360000003,5.387156729856001
432,41.842944,6.972708188160001
433,51.499008,8.58179469312
434,32.18688,1.1413467648
435,16.09344,0
436,3.8624256,0
437,3.218688,0
438,9.656064,0.34240402944000004
439,6.437376,0
440,30.255667200000005,5.041804382208001
441,19.312128,3.2181730099200005
442,4.184294400000001,0
443,4.828032,0
444,128.74752,21.454486732800003
445,35.405568,5.899983851520001
446,8.04672,0
447,3.218688,0.32878897920000005
448,64.37376,10.727243366400002
449,48.28032,8.0454325248
450,35.405568,5.899983851520001
451,193.12128,6.8480805888
452,45.061632,7.5090703564800005
453,12.874752,2.14544867328
454,2.8968192000000004,0
455,41.842944,6.972708188160001
456,8.04672,0.8219724480000001
457,131.966208,21.99084890112
458,2.2530816,0
459,3.218688,0
460,51.499008,8.58179469312
461,32.18688,5.363621683200001
462,3.8624256,0
463,3.218688,0
464,4.828032,0
465,12.874752,2.14544867328
466,6.1155072,0.62469906048
467,48.28032,1.7120201472
468,48.28032,8.0454325248
469,51.499008,8.58179469312
470,64.37376,10.727243366400002
471,6.437376,0
472,16.09344,2.6818108416000004
473,55.3614336,9.225429295104
474,48.28032,8.0454325248
475,9.656064,1.6090865049600003
476,49.889664,5.096229177600001
477,38.624256,1.3696161177600001
478,7.7248512,1.287269203968
479,3.218688,0
480,51.499008,8.58179469312
482,4.5061632,0
483,54.717696000000004,9.118156861440001
484,25.749504,4.29089734656
485,80.4672,2.8533669120000003
486,70.811136,11.799967703040002
487,74.029824,12.336329871360002
488,2.5749504000000005,0
489,112.65408000000001,18.772675891200002
490,8.04672,0
491,19.312128,3.2181730099200005
492,6.437376,0.6575779584000001
493,6.437376,1.07272433664
494,25.749504,4.29089734656
495,25.749504,4.29089734656
496,14.484096000000001,2.4136297574400003
497,6.437376,0
498,17.702784,2.9499919257600005
499,28.968192000000002,4.827259514880001
500,6.759244800000001,0
501,9.656064,0
502,12.874752,2.14544867328
503,12.874752,0
504,4.828032,0
505,70.811136,11.799967703040002
506,6.437376,0
507,6.437376,0.6575779584000001
508,16.09344,1.6439448960000003
509,77.248512,12.872692039680002
510,244.62028800000002,40.763524792320005
511,9.656064,1.6090865049600003
512,54.717696000000004,9.118156861440001
513,77.248512,12.872692039680002
514,13.8403584,1.41379261056
515,99.779328,16.62722721792
516,5.149900800000001,0
517,32.18688,1.1413467648
518,35.405568,5.899983851520001
519,45.061632,7.5090703564800005
520,4.5061632,0
521,45.061632,2.37339615744
522,9.977932800000001,0.35381749708800003
523,28.968192000000002,4.827259514880001
524,1.2874752000000003,0
525,112.65408000000001,18.772675891200002
526,0,0
527,11.265408,0.39947136768
528,22.530816,0.79894273536
529,16.09344,2.6818108416000004
531,6.437376,1.07272433664
532,64.37376,2.2826935296
533,54.717696000000004,9.118156861440001
534,12.2310144,1.24939812096
535,6.437376,0.6575779584000001
536,6.437376,0
537,16.09344,0
538,32.18688,5.363621683200001
539,35.405568,5.899983851520001
540,41.842944,6.972708188160001
541,96.56064,16.0908650496
542,9.656064,0.9863669376000002
543,57.936384000000004,9.654519029760001
544,45.061632,1.59788547072
545,6.437376,1.07272433664
546,7.081113600000001,0
547,6.437376,0
548,9.656064,0
549,5.793638400000001,0
550,4.828032,0
551,28.968192000000002,4.827259514880001
553,3.5405568000000005,0
554,4.828032,0
555,6.759244800000001,0
556,16.09344,0.5706733824
557,263.932416,43.98169780224
558,25.749504,4.29089734656
559,4.5061632,0
560,8.04672,0
561,16.09344,0.5706733824
562,96.56064,3.4240402944
563,25.749504,4.29089734656
564,96.56064,3.4240402944
565,41.842944,6.972708188160001
566,6.437376,0
567,16.09344,0
568,67.592448,2.39682820608
569,7.081113600000001,0
570,5.4717696,0
571,64.37376,10.727243366400002
572,16.09344,0.5706733824
573,1.609344,0
574,4.184294400000001,0
575,518.2087680000001,0
576,2.5749504000000005,0
577,61.155072000000004,0
578,6.437376,0
579,6.437376,0
580,20.921472,3.4863540940800006
581,10.299801600000002,0
582,4.828032,0
583,25.749504,1.3562263756800002
584,9.656064,0.9863669376000002
585,32.18688,5.363621683200001
586,22.530816,3.7545351782400003
587,7.081113600000001,0
588,9.656064,1.6090865049600003
589,6.437376,0
590,6.437376,0
591,38.624256,1.3696161177600001
592,9.3341952,1.5554502881280001
593,48.28032,8.0454325248
594,103.96362239999999,17.324498036736
595,4.828032,0
596,215.65209600000003,35.93626527744001
597,41.842944,6.972708188160001
598,6.437376,1.07272433664
599,3.218688,0
600,7.081113600000001,0
601,8.04672,0.2853366912
602,35.405568,0
603,19.312128,3.2181730099200005
604,128.74752,21.454486732800003
605,25.749504,0
606,4.828032,0
607,3.8624256,0
608,6.437376,0.6575779584000001
609,7.081113600000001,0
610,41.842944,6.972708188160001
611,64.37376,10.727243366400002
612,9.656064,0
613,5.4717696,0
614,4.828032,0
615,3.218688,0.32878897920000005
616,9.656064,0
617,8.04672,0
618,22.530816,0
619,6.437376,0
620,102.998016,17.16358938624
621,25.749504,4.29089734656
622,38.624256,0
623,48.28032,8.0454325248
624,16.09344,2.6818108416000004
625,8.04672,0
626,48.28032,8.0454325248
627,102.998016,17.16358938624
628,12.874752,2.14544867328
629,12.874752,1.3151559168000002
630,6.437376,0
631,6.437376,0
632,6.437376,0
633,3.218688,0.32878897920000005
634,1.2874752000000003,0
635,131.966208,6.95066017536
636,3.218688,0
637,3.218688,0
638,193.12128,32.1817300992
639,45.061632,1.59788547072
640,5.793638400000001,0
641,3.218688,0
642,7.081113600000001,0
643,6.437376,0
644,6.437376,0
645,3.218688,0
646,5.149900800000001,0.5260623667200002
647,5.793638400000001,0
648,22.530816,1.18669807872
649,6.437376,0
650,6.437376,0
651,9.656064,0.9863669376000002
652,4.828032,0
653,12.874752,2.14544867328
654,102.998016,17.16358938624
655,80.4672,2.8533669120000003
656,25.749504,4.29089734656
657,8.04672,0.8219724480000001
658,3.5405568000000005,0
659,0,0
660,54.717696000000004,1.94028950016
661,35.405568,0
662,160.9344,26.818108416000005
663,5.4717696,0.55894126464
664,39.911731200000006,6.650890887168002
665,96.56064,3.4240402944
666,38.624256,6.436346019840001
667,45.061632,0
668,4.828032,0
669,5.149900800000001,0
670,48.28032,8.0454325248
671,6.437376,0
672,64.37376,10.727243366400002
673,3.218688,0
674,160.9344,26.818108416000005
675,257.49504,9.1307741184
676,3.218688,0
677,3.218688,0
678,22.530816,0
679,19.312128,0
680,49.567795200000006,1.757674017792
681,4.184294400000001,0.42742567296000006
682,177.02784000000003,29.499919257600006
683,12.874752,0
684,9.656064,0
685,6.437376,0
686,45.061632,7.5090703564800005
687,4.184294400000001,0
688,6.437376,0
689,3.5405568000000005,0
690,3.218688,0
691,51.499008,8.58179469312
692,45.061632,7.5090703564800005
693,6.759244800000001,0
694,202.77734400000003,33.79081660416001
695,3.218688,0
696,0.9656064,0
697,25.749504,4.29089734656
698,354.05568000000005,12.5548144128
699,119.09145600000001,4.22298302976
700,6.437376,0
701,32.18688,5.363621683200001
702,51.499008,8.58179469312
703,80.4672,2.8533669120000003
704,10.6216704,1.08500363136
705,6.437376,0
706,48.28032,8.0454325248
707,9.656064,0
708,32.18688,5.363621683200001
709,3.8624256,0
710,6.437376,0.6575779584000001
711,12.874752,0
712,6.437376,0
713,112.65408000000001,18.772675891200002
714,6.437376,1.07272433664
715,38.624256,6.436346019840001
716,64.37376,10.727243366400002
717,48.28032,8.0454325248
718,8.04672,0
719,4.5061632,0
720,64.37376,2.2826935296
721,8.04672,0.8219724480000001
722,10.6216704,0
723,6.437376,0.6575779584000001
724,54.717696000000004,9.118156861440001
725,6.437376,0
726,35.405568,5.899983851520001
727,3.218688,0
728,16.09344,2.6818108416000004
729,3.218688,0
730,6.437376,0
731,144.84096,24.1362975744
732,19.312128,1.01716978176
733,32.18688,0
734,4.828032,0
735,41.842944,6.972708188160001
736,12.874752,2.14544867328
737,3.218688,0
738,102.998016,3.65230964736
739,20.599603200000004,0
740,19.312128,0
741,9.0123264,0
742,160.9344,26.818108416000005
743,25.749504,4.29089734656
744,16.09344,1.8293413248000001
745,93.341952,15.554502881280001
746,19.312128,0
747,1.609344,0
748,3.5405568000000005,0
749,6.437376,0
750,48.28032,8.0454325248
751,4.828032,0
752,38.624256,1.3696161177600001
753,115.87276800000001,19.309038059520002
754,9.656064,0
755,117.1602432,19.523582926848
756,7.081113600000001,0.7233357542400002
757,144.84096,24.1362975744
758,32.18688,5.363621683200001
759,122.31014400000001,20.381762396160003
760,48.28032,2.5429244544
761,57.936384000000004,2.05442417664
762,48.28032,8.0454325248
763,9.656064,0
764,6.437376,0
765,25.749504,2.6303118336000004
766,14.162227200000002,2.3599935406080004
767,96.56064,16.0908650496
768,96.56064,16.0908650496
769,41.842944,6.972708188160001
770,22.530816,3.7545351782400003
771,3.218688,0
772,74.029824,12.336329871360002
773,6.437376,0
774,9.656064,1.6090865049600003
775,38.624256,6.436346019840001
776,9.656064,1.6090865049600003
777,3.218688,0
778,35.405568,1.25548144128
780,19.312128,3.2181730099200005
781,90.123264,15.018140712960001
782,9.656064,1.6090865049600003
783,12.5528832,2.0918124564480003
784,48.28032,8.0454325248
785,19.312128,3.2181730099200005
786,328.30617600000005,11.641737000960001
787,9.656064,0
788,6.437376,0
789,12.874752,1.3151559168000002
790,35.405568,5.899983851520001
791,4.828032,0
792,64.37376,10.727243366400002
793,43.452288,0
794,6.437376,0
795,4.5061632,0
796,8.04672,0.8219724480000001
798,80.4672,13.409054208000002
799,48.28032,8.0454325248
800,19.312128,3.2181730099200005
801,32.18688,5.363621683200001
802,57.936384000000004,3.0515093452800004
803,10.9435392,1.11788252928
804,289.68192,10.2721208832
805,16.09344,2.6818108416000004
806,3.218688,0
807,19.312128,1.9727338752000003
808,80.4672,13.409054208000002
809,19.312128,3.2181730099200005
810,11.909145600000002,1.9845400227840004
811,144.84096,24.1362975744
812,22.530816,3.7545351782400003
813,3.218688,0
814,9.656064,0
815,12.874752,1.3151559168000002
816,16.09344,2.6818108416000004
817,11.265408,1.28053892736
818,8.04672,0
819,10.299801600000002,1.7163589386240004
820,14.162227200000002,2.3599935406080004
821,9.656064,0.9863669376000002
822,3.218688,0
823,70.811136,11.799967703040002
824,6.437376,1.07272433664
825,80.4672,13.409054208000002
826,41.842944,6.972708188160001
827,80.4672,4.2382074240000005
828,12.874752,0
829,25.749504,2.6303118336000004
830,8.04672,1.3409054208000002
831,8.04672,1.3409054208000002
832,48.28032,8.0454325248
833,51.499008,8.58179469312
834,9.656064,1.6090865049600003
835,6.437376,0.6575779584000001
836,57.936384000000004,9.654519029760001
837,8.04672,0
838,12.874752,1.3151559168000002
839,4.828032,0
840,0,0
841,9.656064,0
842,0,0
843,61.155072000000004,10.190881198080001
844,12.874752,0
845,16.09344,2.6818108416000004
846,8.04672,0.8219724480000001
847,8.368588800000001,0
848,9.656064,1.6090865049600003
849,4.828032,0
850,80.4672,13.409054208000002
851,4.828032,0
852,0.804672,0
853,22.530816,3.7545351782400003
854,7.4029824,0
855,25.749504,4.29089734656
856,9.656064,0
857,3.218688,0.53636216832
858,19.312128,3.2181730099200005
859,22.8526848,3.808171395072
860,9.656064,0
861,38.624256,6.436346019840001
862,77.248512,12.872692039680002
863,48.28032,8.0454325248
864,9.656064,0
865,12.874752,2.14544867328
866,6.437376,0
867,24.14016,4.0227162624
868,6.437376,0
869,9.656064,0.9863669376000002
870,57.936384000000004,9.654519029760001
871,8.04672,0
872,3.5405568000000005,0
873,86.904576,4.57726401792
874,4.184294400000001,0
875,8.04672,1.3409054208000002
876,9.656064,0
877,12.874752,2.14544867328
878,16.09344,2.6818108416000004
879,8.04672,0
880,38.624256,1.3696161177600001
881,80.4672,8.219724480000002
882,48.28032,8.0454325248
883,6.437376,0
884,3.218688,0
885,0,0
886,25.749504,4.29089734656
887,67.592448,11.263605534720002
888,54.717696000000004,2.88198104832
889,1.609344,0.16439448960000003
890,8.04672,0
891,6.437376,1.07272433664
892,3.5405568000000005,0
893,8.04672,0
894,3.218688,0
895,7.081113600000001,0
896,482.80320000000006,17.120201472
897,64.37376,10.727243366400002
898,48.28032,1.7120201472
899,354.05568000000005,12.5548144128
900,64.37376,10.727243366400002
901,128.74752,4.5653870592
902,4.184294400000001,0
903,0,0
904,6.437376,0
905,2.2530816,0
906,540.739584,19.17462564864
907,3.218688,0
908,6.437376,0
909,8.04672,0
910,38.624256,6.436346019840001
911,96.56064,3.4240402944
912,257.49504,9.1307741184
913,4.828032,0
914,3.218688,0
915,0,0
916,3.199375872,0
917,6.437376,0
918,70.811136,11.799967703040002
919,1.609344,0
920,14.484096000000001,2.4136297574400003
921,102.998016,3.65230964736
922,247.838976,41.29988696064
923,17.380915200000004,2.896355708928001
924,41.842944,6.972708188160001
925,9.656064,1.6090865049600003
926,3.218688,0
927,64.37376,10.727243366400002
928,7.4029824,0.262509755904
929,0,0
930,12.874752,2.14544867328
931,0,0
932,321.8688,11.413467648000001
933,9.656064,0
934,257.49504,9.1307741184
935,9.656064,1.6090865049600003
936,96.56064,16.0908650496
937,4.828032,0
938,64.37376,10.727243366400002
939,4.184294400000001,0
940,32.18688,3.2878897920000005
941,3.218688,0
942,26.0713728,4.344533563392
943,202.77734400000003,33.79081660416001
944,38.624256,6.436346019840001
945,32.18688,1.6952829696000002
946,251.70140160000003,8.925331700736
947,9.656064,1.6090865049600003
948,38.624256,6.436346019840001
949,32.18688,1.1413467648
950,102.998016,17.16358938624
951,386.24256,64.3634601984
952,3.218688,0
953,38.624256,6.436346019840001
954,51.499008,8.58179469312
955,280.02585600000003,9.92971685376
956,9.656064,0.9863669376000002
957,45.061632,7.5090703564800005
958,109.43539200000001,0
959,9.656064,0
960,3.218688,0
961,273.58848,45.5907843072
962,679.1431680000001,24.082416737280003
963,25.749504,4.29089734656
964,3.218688,0
965,6.437376,0
966,6.437376,0
967,115.87276800000001,4.10884835328
968,0,0
969,0,0
970,22.530816,3.7545351782400003
971,10.6216704,0
972,41.842944,6.972708188160001
973,289.68192,10.2721208832
974,0,0
975,32.18688,5.363621683200001
976,160.9344,5.7067338240000005
977,4.02336,0
978,482.80320000000006,17.120201472
979,6.437376,1.07272433664
980,28.968192000000002,4.827259514880001
981,3.218688,0
982,32.18688,3.2878897920000005
983,5.149900800000001,0
984,9.656064,0.9863669376000002
985,41.842944,6.972708188160001
986,47.3147136,1.6777797442559998
987,74.029824,2.62509755904
988,482.80320000000006,17.120201472
989,3.218688,0
990,9.656064,1.6090865049600003
991,1657.6243200000001,451.8352371456
992,0,0
993,4.828032,0
994,804.672,28.53366912
995,9.656064,1.09760479488
996,514.99008,18.2615482368
997,6.437376,0
998,22.530816,2.56107785472
999,6.437376,0
1000,5.793638400000001,0
1001,6.437376,0
1002,6.437376,1.07272433664
1003,334.743552,55.78166550528001
1004,5.793638400000001,0.5918201625600001
1005,0,0
1006,24.14016,0
1008,6.437376,1.07272433664
1009,9.656064,1.09760479488
1010,4.5061632,0
1011,7.7248512,0
1012,4.828032,0
1013,6.437376,0
1014,96.56064,16.0908650496
1015,12.07008,0
1016,8.04672,0.8219724480000001
1017,28.968192000000002,1.02721208832
1018,0.6437376000000001,0
1019,16.09344,2.6818108416000004
1020,6.759244800000001,0
1021,41.842944,6.972708188160001
1022,3.218688,0
1023,4.828032,0
1024,160.9344,5.7067338240000005
1025,7.081113600000001,0.7233357542400002
1026,8.04672,0
1027,54.717696000000004,1.94028950016
1028,8.04672,0
1029,482.80320000000006,17.120201472
1030,5.793638400000001,0
1031,251.05766400000002,8.90250476544
1032,0,0
1033,80.4672,4.2382074240000005
1034,16.09344,2.6818108416000004
1035,64.37376,10.727243366400002
1036,4.828032,0.4931834688000001
1037,321.8688,53.63621683200001
1038,141.622272,23.599935406080004
1039,0,0
1040,9.656064,1.6090865049600003
1041,9.656064,1.6090865049600003
1042,48.28032,8.0454325248
1043,321.8688,11.413467648000001
1044,38.624256,1.3696161177600001
1045,12.874752,2.14544867328
1046,6.437376,1.07272433664
1047,48.28032,1.7120201472
1048,4.828032,0
1049,16.09344,0
1050,25.749504,2.6303118336000004
1051,32.18688,5.363621683200001
1052,6.437376,0
1053,9.656064,0
1054,6.437376,1.07272433664
1055,3.5405568000000005,0
1056,370.14912000000004,13.125487795200002
1057,6.437376,0
1058,6.437376,0.6575779584000001
1059,7.7248512,0
1060,244.62028800000002,8.67423541248
1061,2.5749504000000005,0.4290897346560001
1062,141.622272,23.599935406080004
1063,39.911731200000006,0
1064,32.18688,5.363621683200001
1065,257.49504,9.1307741184
1066,9.656064,1.6090865049600003
1067,38.624256,6.436346019840001
1068,9.656064,1.6090865049600003
1069,41.842944,6.972708188160001
1070,38.624256,1.3696161177600001
1071,67.592448,11.263605534720002
1072,16.09344,2.6818108416000004
1073,41.842944,0
1074,257.49504,9.1307741184
1075,7.4029824,0
1076,64.37376,2.2826935296
1077,51.499008,8.58179469312
1078,3.218688,0
1079,144.84096,5.1360604416
1080,38.624256,3.9454677504000006
1081,6.437376,1.07272433664
1082,74.029824,12.336329871360002
1083,67.592448,11.263605534720002
1084,25.749504,4.29089734656
1085,25.749504,0.91307741184
1086,38.624256,6.436346019840001
1087,12.874752,1.46347305984
1089,25.749504,4.29089734656
1090,54.717696000000004,1.94028950016
1091,48.28032,8.0454325248
1092,35.405568,5.899983851520001
1093,9.656064,0
1094,8.04672,1.3409054208000002
1095,70.811136,11.799967703040002
1096,8.04672,0
1097,96.56064,3.4240402944
1098,70.811136,11.799967703040002
1099,8.04672,1.3409054208000002
1100,9.656064,0.9863669376000002
1101,90.123264,15.018140712960001
1102,32.18688,5.363621683200001
1103,6.437376,0
1104,0,0
1105,32.18688,5.363621683200001
1106,3.218688,0.32878897920000005
1107,38.624256,0
1108,32.18688,5.363621683200001
1109,14.484096000000001,2.4136297574400003
1110,2.5749504000000005,0
1111,3.218688,0
1112,3.218688,0
1113,3.218688,0
1114,3.218688,0
1115,45.061632,7.5090703564800005
1116,3.218688,0.53636216832
1117,4.828032,0
1118,3.218688,0
1119,3.218688,0
1120,57.936384000000004,9.654519029760001
1121,48.28032,4.931834688
1122,2.2530816,0
1123,12.874752,0
1124,9.656064,1.6090865049600003
1125,244.62028800000002,8.67423541248
1126,482.80320000000006,17.120201472
1127,8.04672,0
1128,180.246528,6.39154188288
1130,9.656064,1.6090865049600003
1131,4.184294400000001,0
1132,80.4672,13.409054208000002
1133,8.690457600000002,0
1134,6.437376,0
1135,70.811136,7.233357542400001
1136,2.2530816,0
1137,77.248512,12.872692039680002
1138,6.437376,0
1139,48.28032,8.0454325248
1140,64.37376,10.727243366400002
1141,6.437376,0
1142,9.656064,1.6090865049600003
1143,149.0252544,7.849160149248
1144,12.874752,0.45653870592
1145,9.656064,0.9863669376000002
1146,4.828032,0
1147,112.65408000000001,18.772675891200002
1148,32.18688,5.363621683200001
1149,3.218688,0
1150,3.218688,0
1151,57.936384000000004,9.654519029760001
1152,4.828032,0
1153,225.30816000000002,11.866980787200001
1154,0,0
1155,3.218688,0
1156,38.624256,0
1157,9.656064,1.6090865049600003
1158,96.56064,16.0908650496
1159,174.13102080000002,29.017193306112006
1160,16.09344,0
1161,1.609344,0
1162,3.218688,0
1163,48.28032,8.0454325248
1165,16.09344,2.6818108416000004
1166,41.842944,6.972708188160001
1167,41.842944,1.4837507942400001
1168,4.5061632,0
1169,35.405568,5.899983851520001
1170,77.248512,4.06867912704
1171,80.4672,13.409054208000002
1172,22.530816,3.7545351782400003
1173,38.624256,6.436346019840001
1174,12.874752,1.3151559168000002
1176,48.28032,8.0454325248
1177,9.656064,0
1178,11.909145600000002,0
1179,80.4672,13.409054208000002
1180,112.65408000000001,18.772675891200002
1181,32.18688,5.363621683200001
1182,0.804672,0
1183,64.37376,10.727243366400002
1184,180.246528,6.39154188288
1185,3.8624256,0.39454677504
1186,1.2874752000000003,0
1187,11.265408,0
1188,4.184294400000001,0
1189,64.37376,10.727243366400002
1190,0,0
1191,86.904576,14.481778544640003
1192,3.8624256,0
1194,160.9344,26.818108416000005
1195,3.218688,0
1196,241.40160000000003,40.22716262400001
1197,30.577536000000002,5.095440599040001
1198,26.715110400000004,4.451805997056001
1199,337.96224,56.31802767360001
1200,3.8624256,0
1201,3.218688,0
1202,38.624256,6.436346019840001
1203,4.828032,0
1204,257.49504,9.1307741184
1205,6.437376,0
1206,28.968192000000002,4.827259514880001
1207,96.56064,16.0908650496
1208,19.312128,2.19520958976
1209,12.874752,0
1210,138.40358400000002,23.063573237760007
1211,11.265408,1.8772675891200001
1212,3.218688,0
1213,25.749504,4.29089734656
1214,4.828032,0
1215,11.265408,0
1216,45.061632,7.5090703564800005
1217,93.341952,9.5348803968
1218,3.8624256,0
1219,3.218688,0
1222,52.46461440000001,8.742703343616002
1223,12.874752,2.14544867328
1224,38.624256,6.436346019840001
1225,0,0
1226,16.09344,0
1227,17.702784,2.9499919257600005
1228,7.081113600000001,1.1799967703040002
1229,2.5749504000000005,0
1230,41.842944,6.972708188160001
1231,7.7248512,0
1232,19.312128,3.2181730099200005
1233,3.218688,0
1234,32.18688,5.363621683200001
1235,35.405568,5.899983851520001
1236,19.312128,3.2181730099200005
1237,38.624256,6.436346019840001
1238,61.155072000000004,10.190881198080001
1239,9.656064,1.6090865049600003
1240,3.218688,0
1241,64.37376,10.727243366400002
1242,9.656064,1.6090865049600003
1243,148.059648,24.672659742720004
1244,12.874752,2.14544867328
1245,38.624256,6.436346019840001
1246,5.149900800000001,0
1247,157.715712,26.28174624768
1248,19.312128,3.2181730099200005
1249,4.184294400000001,0
1250,19.312128,3.2181730099200005
1251,0,0
1252,3.218688,0
1253,0,0
1255,17.0590464,0
1256,32.18688,5.363621683200001
1258,1.609344,0
1259,9.656064,0
1260,4.5061632,0
1261,77.248512,12.872692039680002
1262,35.405568,5.899983851520001
1263,6.437376,0
1264,6.437376,0
1265,4.5061632,0
1266,48.28032,8.0454325248
1267,45.061632,7.5090703564800005
1268,128.74752,21.454486732800003
1269,57.6145152,9.600882812928
1270,4.184294400000001,0
1271,9.656064,0
1272,77.248512,2.7392322355200003
1273,0,0
1274,3.218688,0.32878897920000005
1275,38.624256,6.436346019840001
1276,13.8403584,2.306357323776
1277,96.56064,16.0908650496
1278,25.749504,0.91307741184
1279,28.968192000000002,4.827259514880001
1280,38.624256,4.39041917952
1281,48.28032,8.0454325248
1282,7.081113600000001,0.7233357542400002
1283,3.218688,0
1284,8.04672,0
1285,96.56064,3.4240402944
1286,32.18688,1.1413467648
1287,9.656064,0
1288,144.84096,24.1362975744
1289,6.437376,0
1291,96.56064,16.0908650496
1292,4.184294400000001,0
1293,25.749504,0
1294,80.4672,8.219724480000002
1295,38.624256,6.436346019840001
1296,38.624256,1.3696161177600001
1297,12.874752,2.14544867328
1298,9.0123264,0
1299,112.65408000000001,18.772675891200002
1300,9.656064,0
1301,54.717696000000004,9.118156861440001
1302,32.18688,3.2878897920000005
1303,4.184294400000001,0
1304,13.518489600000002,0
1305,10.9435392,1.8236313722880002
1306,7.4029824,0
1307,80.4672,13.409054208000002
1308,25.749504,4.29089734656
1309,6.437376,0.6575779584000001
1310,3.218688,0
1311,19.312128,3.2181730099200005
1312,26.715110400000004,2.7289485273600005
1313,41.842944,1.4837507942400001
1314,11.265408,0
1315,4.828032,0
1316,6.437376,0
1317,45.061632,7.5090703564800005
1318,80.4672,13.409054208000002
1319,9.0123264,1.501814071296
1320,48.28032,8.0454325248
1321,9.656064,0
1322,5.149900800000001,0
1323,32.18688,3.2878897920000005
1324,19.312128,0
1325,128.74752,4.5653870592
1326,14.484096000000001,0.51360604416
1327,321.8688,53.63621683200001
1328,257.49504,9.1307741184
1329,12.874752,1.46347305984
1330,6.437376,0
1331,96.56064,16.0908650496
1332,0.32186880000000007,0
1333,49.889664,8.31361360896
1334,0,0
1335,3.8624256,0
1336,0,0
1337,64.37376,10.727243366400002
1338,10.6216704,0
1339,6.437376,0
1340,16.09344,0
1341,51.499008,8.58179469312
1342,11.587276800000001,0
1343,1.9312128,0
1344,3.8624256,0
1346,6.437376,0.6575779584000001
1347,14.484096000000001,0
1348,4.828032,0
1349,3.5405568000000005,0.526162146048
1350,13.1966208,0
1351,51.499008,8.58179469312
1352,9.3341952,1.5554502881280001
1353,4.828032,0
1354,0.804672,0
1355,19.312128,3.2181730099200005
1356,19.312128,0
1357,4.828032,0
1358,55.68330240000001,9.279065511936002
1359,64.37376,10.727243366400002
1360,4.5061632,0
1361,67.592448,11.263605534720002
1362,9.656064,1.6090865049600003
1363,96.56064,16.0908650496
1364,3.8624256,0
1365,57.936384000000004,2.05442417664
1366,38.624256,6.436346019840001
1367,6.437376,0.6575779584000001
1368,12.874752,0.45653870592
1369,32.18688,0
1370,9.656064,0.9863669376000002
1371,7.081113600000001,0
1372,6.437376,0
1373,93.341952,3.30990561792
1374,3.218688,0
1375,12.874752,0
1376,3.218688,0
1377,32.18688,5.363621683200001
1378,41.842944,1.4837507942400001
1379,28.968192000000002,1.5257546726400002
1380,12.874752,1.3151559168000002
1381,0,0
1382,135.184896,22.527211069440003
1383,3.218688,0
1384,51.499008,8.58179469312
1385,6.437376,0
1386,54.717696000000004,9.118156861440001
1387,8.04672,0
1388,6.437376,0.73173652992
1389,3.218688,0
1390,3.218688,0
1391,11.265408,0
1392,35.405568,1.25548144128
1393,32.8306176,5.470894116864
1394,8.04672,0.8219724480000001
1395,6.437376,0
1396,22.530816,3.7545351782400003
1397,41.842944,6.972708188160001
1398,9.656064,0
1399,6.437376,0.6575779584000001
1400,0,0
1401,4.828032,0
1402,38.624256,6.436346019840001
1403,9.0123264,1.501814071296
1404,41.842944,6.972708188160001
1405,119.09145600000001,4.22298302976
1406,32.18688,5.363621683200001
1407,6.437376,0
1408,9.656064,0
1409,5.793638400000001,0
1410,12.874752,0
1411,64.37376,2.2826935296
1412,38.624256,1.3696161177600001
1413,0.32186880000000007,0
1414,48.28032,8.0454325248
1415,6.437376,0
1416,4.828032,0
1417,1.609344,0
1418,3.218688,0
1419,160.9344,26.818108416000005
1420,202.77734400000003,7.190484618240001
1421,5.4717696,0
1422,3.218688,0
1423,5.149900800000001,0
1424,35.405568,5.899983851520001
1425,4.5061632,0
1426,251.05766400000002,41.836249128960006
1427,1.9312128,0.286997534208
1428,164.15308800000003,27.354470584320005
1429,54.717696000000004,9.118156861440001
1430,8.04672,0.8219724480000001
1431,45.061632,0
1432,16.09344,1.8293413248000001
1433,40.2336,0
1434,38.624256,6.436346019840001
1435,19.312128,3.2181730099200005
1436,12.874752,0
1437,48.28032,8.0454325248
1438,13.1966208,2.199084890112
1439,4.828032,0.4931834688000001
1440,3.218688,0
1441,80.4672,2.8533669120000003
1442,106.216704,5.594433799680001
1443,61.155072000000004,10.190881198080001
1444,25.749504,4.29089734656
1445,15.127833600000002,0.5364329794560001
1446,19.312128,3.2181730099200005
1447,3.218688,0
1448,90.123264,15.018140712960001
1449,54.07395840000001,9.010884427776002
1450,9.656064,0.50858489088
1451,4.828032,0
1452,12.874752,1.3151559168000002
1453,2.5749504000000005,0
1454,2.5749504000000005,0
1455,9.656064,0
1456,8.368588800000001,0
1457,215.65209600000003,35.93626527744001
1458,9.656064,1.6090865049600003
1459,22.530816,3.7545351782400003
1460,8.04672,0.8219724480000001
1461,5.4717696,0
1462,4.828032,0
1463,96.56064,16.0908650496
1464,4.5061632,0
1465,57.936384000000004,9.654519029760001
1466,48.28032,8.0454325248
1467,3.218688,0
1468,80.4672,13.409054208000002
1469,69.52366080000002,11.585422835712004
1470,6.437376,0
1471,9.656064,1.43498767104
1472,9.656064,0
1473,9.656064,1.6090865049600003
1474,2.5749504000000005,0
1475,1.609344,0
1476,62.764416000000004,10.459062282240001
1477,61.155072000000004,10.190881198080001
1478,9.656064,0
1479,6.437376,0
1480,16.09344,0.5706733824
1482,38.624256,6.436346019840001
1483,6.437376,0
1485,19.312128,0
1486,273.58848,9.7014475008
1487,8.04672,0
1488,9.656064,0
1489,4.828032,0
1490,3.218688,0
1491,38.624256,3.9454677504000006
1492,3.8624256,0
1493,38.624256,6.436346019840001
1494,4.828032,0
1495,38.624256,6.436346019840001
1496,2.2530816,0
1497,6.437376,1.07272433664
1498,12.874752,1.3151559168000002
1500,1.609344,0
1501,80.4672,4.2382074240000005
1502,5.793638400000001,0
1503,6.437376,0
1504,3.218688,0
1505,3.218688,0
1507,6.437376,0
1508,4.828032,0
1509,9.656064,0
1510,3.5405568000000005,0
1511,51.499008,1.82615482368
1512,6.437376,0
1513,12.874752,2.14544867328
1514,8.04672,0
1515,4.184294400000001,0
1516,11.265408,1.1507614272000002
1517,8.04672,0
1518,4.828032,0
1519,3.218688,0
1520,4.5061632,0
1521,4.5061632,0
1522,3.218688,0
1523,41.842944,6.972708188160001
1525,3.8624256,0
1526,3.8624256,0
1527,83.685888,13.945416376320003
1528,19.312128,3.2181730099200005
1529,6.437376,1.07272433664
1530,3.8624256,0
1531,32.18688,5.363621683200001
1532,38.624256,1.3696161177600001
1533,18.6683904,3.1109005762560002
1534,38.624256,2.03433956352
1535,96.56064,16.0908650496
1536,48.28032,0
1537,57.936384000000004,9.654519029760001
1538,16.09344,0
1539,6.437376,0
1540,6.437376,0
1541,6.437376,1.07272433664
1542,51.499008,8.58179469312
1543,6.437376,0
1544,4.828032,0
1545,4.184294400000001,0
1546,9.656064,1.6090865049600003
1548,4.828032,0
1549,19.312128,0
1550,12.874752,2.14544867328
1551,209.21472,7.418753971199999
1552,1.609344,0
1553,315.431424,52.56349249536
1554,6.759244800000001,0
1555,12.874752,2.14544867328
1556,9.656064,0
1557,6.437376,0.73173652992
1558,2.5749504000000005,0
1559,3.218688,0
1560,7.4029824,0
1561,4.828032,0
1562,6.437376,0
1563,1.609344,0
1564,32.18688,5.363621683200001
1565,22.530816,0
1566,61.47694080000001,10.244517414912002
1567,2.5749504000000005,0
1568,19.312128,3.2181730099200005
1569,3.5405568000000005,0
1570,3.218688,0
1571,6.437376,0
1572,22.530816,3.7545351782400003
1573,3.218688,0
1574,6.437376,0.22826935296
1575,0,0
1576,4.828032,0
1577,3.218688,0
1578,19.312128,3.2181730099200005
1579,38.624256,6.436346019840001
1580,51.499008,8.58179469312
1581,80.4672,2.8533669120000003
1582,4.828032,0
1583,144.84096,5.1360604416
1584,225.30816000000002,37.545351782400004
1585,19.312128,0
1586,24.14016,4.0227162624
1587,48.28032,1.7120201472
1588,4.828032,0
1589,25.749504,2.6303118336000004
1590,173.809152,6.16327252992
1591,0,0
1592,4.828032,0
1593,32.18688,5.363621683200001
1594,209.21472,7.418753971199999
1595,19.312128,3.2181730099200005
1596,6.437376,1.07272433664
1597,5.793638400000001,0
1598,4.828032,0
1599,4.828032,0
1600,38.624256,6.436346019840001
1601,83.685888,2.9675015884800002
1602,3.218688,0
1603,22.530816,3.7545351782400003
1604,4.184294400000001,0.6972708188160002
1605,41.842944,0
1606,9.656064,0
1607,38.624256,6.436346019840001
1608,122.31014400000001,4.33711770624
1609,12.874752,0.45653870592
1610,4.184294400000001,0
1611,4.828032,0
1612,8.04672,1.3409054208000002
1613,38.624256,6.436346019840001
1614,35.405568,5.899983851520001
1615,3.218688,0
1616,135.184896,4.79365641216
1617,67.592448,2.39682820608
1619,3.218688,0
1620,16.09344,2.6818108416000004
1621,321.8688,11.413467648000001
1623,45.061632,7.5090703564800005
1624,35.405568,5.899983851520001
1625,12.874752,0
1626,13.8403584,2.306357323776
1627,86.904576,3.08163626496
1628,80.4672,13.409054208000002
1629,144.84096,7.6287733632
1630,16.09344,2.6818108416000004
1632,22.530816,0
1633,9.656064,0
1634,4.828032,0
1635,2.8968192000000004,0
1636,62.764416000000004,10.459062282240001
1637,99.779328,16.62722721792
1638,80.4672,13.409054208000002
1639,0.6437376000000001,0
1640,0,0
1641,80.4672,13.409054208000002
1643,7.4029824,0
1644,32.18688,0
1645,6.437376,0
1646,5.4717696,0
1647,9.656064,0
1648,48.28032,8.0454325248
1649,19.312128,3.2181730099200005
1651,4.828032,0
1652,9.656064,0
1654,11.265408,1.8772675891200001
1655,2.8968192000000004,0
1656,9.656064,0
1657,772.48512,128.7269203968
1658,5.793638400000001,0
1660,5.149900800000001,0
1661,96.56064,16.0908650496
1662,9.656064,0
1663,138.40358400000002,4.907791088640001
1664,45.061632,7.5090703564800005
1665,6.759244800000001,0
1666,69.8455296,11.639059052544003
1668,225.30816000000002,37.545351782400004
1670,77.248512,12.872692039680002
1671,6.437376,0
1672,9.656064,1.6090865049600003
1673,4.828032,0
1674,24.14016,4.0227162624
1675,80.4672,2.8533669120000003
1676,6.437376,0
1677,12.874752,1.46347305984
1678,183.465216,30.572643594240002
1679,102.998016,3.65230964736
1680,154.497024,25.745384079360004
1681,106.216704,17.699951554560002
1682,6.759244800000001,0.6904568563200002
1683,112.65408000000001,18.772675891200002
1684,3.8624256,0
1685,16.09344,0.8476414848000001
1686,48.28032,8.0454325248
1687,12.874752,1.3151559168000002
1689,128.74752,4.5653870592
1690,9.656064,0
1691,7.4029824,0
1692,9.656064,0
1693,205.996032,7.30461929472
1694,25.749504,4.29089734656
1695,61.155072000000004,10.190881198080001
1696,151.27833600000002,25.209021911040004
1697,57.936384000000004,9.654519029760001
1698,25.749504,2.6303118336000004
1699,25.749504,4.29089734656
1700,48.28032,2.5429244544
1701,38.624256,6.436346019840001
1702,144.84096,14.795504064000001
1703,186.683904,31.109005762560002
1704,157.715712,26.28174624768
1705,48.28032,8.0454325248
1708,93.341952,15.554502881280001
1709,22.530816,3.7545351782400003
1710,9.656064,1.6090865049600003
1711,3.218688,0
1712,318.65011200000004,53.099854663680006
1713,6.437376,1.07272433664
1714,3.218688,0
1715,3.218688,0
1716,112.65408000000001,18.772675891200002
1717,48.28032,8.0454325248
1718,83.685888,13.945416376320003
1719,32.18688,0
1720,128.74752,21.454486732800003
1721,4.828032,0
1722,41.842944,6.972708188160001
1723,96.56064,16.0908650496
1725,41.842944,4.2742567296
1726,54.717696000000004,9.118156861440001
1727,3.218688,0
1728,112.65408000000001,3.9947136768
1729,4.828032,0
1730,25.749504,4.29089734656
1731,32.18688,5.363621683200001
1732,57.936384000000004,9.654519029760001
1733,5.149900800000001,0
1734,77.248512,12.872692039680002
1735,90.123264,15.018140712960001
1736,57.936384000000004,9.654519029760001
1737,9.656064,0
1738,199.558656,33.25445443584
1739,70.811136,11.799967703040002
1741,41.842944,2.2038678604800004
1742,42.80855040000001,7.1336168386560015
1743,173.809152,6.16327252992
1745,9.656064,1.6090865049600003
1746,1.9312128,0
1747,3.218688,0
1748,0,0
1749,43.452288,1.54081813248
1750,241.40160000000003,40.22716262400001
1751,25.749504,0
1752,9.656064,1.6090865049600003
1753,54.717696000000004,9.118156861440001
1754,122.31014400000001,20.381762396160003
1756,3.218688,0
1757,38.624256,6.436346019840001
1758,32.18688,5.363621683200001
1759,302.55667200000005,50.41804382208001
1760,64.37376,2.2826935296
1761,3.218688,0
1762,3.8624256,0
1763,48.28032,8.0454325248
1764,8.368588800000001,0
1765,30.8994048,5.149076815872
1766,122.31014400000001,4.33711770624
1767,41.842944,6.972708188160001
1768,3.218688,0
1769,54.717696000000004,9.118156861440001
1770,9.656064,0
1771,8.04672,0.42382074240000006
1772,74.029824,0
1773,6.437376,1.07272433664
1774,83.685888,2.9675015884800002
1775,3.5405568000000005,0
1776,8.04672,0
1777,4.5061632,0
1778,64.37376,10.727243366400002
1779,11.587276800000001,1.9309038059520003
1780,61.155072000000004,10.190881198080001
1781,2.8968192000000004,0
1782,6.437376,1.07272433664
1783,15.771571200000002,2.6281746247680005
1784,4.828032,0
1785,16.09344,2.6818108416000004
1786,106.216704,17.699951554560002
1787,54.717696000000004,1.94028950016
1788,70.811136,11.799967703040002
1789,16.09344,2.6818108416000004
1790,106.53857280000001,17.753587771392002
1791,45.061632,7.5090703564800005
1792,4.828032,0
1793,41.842944,6.972708188160001
1794,80.4672,2.8533669120000003
1795,51.499008,0
1796,38.624256,6.436346019840001
1797,57.936384000000004,9.654519029760001
1798,10.6216704,1.769995155456
1799,41.842944,6.972708188160001
1800,643.7376,22.826935296000002
1801,8.690457600000002,0
1802,0,0
1803,6.437376,0
1804,12.874752,2.14544867328
1805,6.437376,1.07272433664
1806,28.968192000000002,1.02721208832
1807,16.09344,1.6439448960000003
1808,3.8624256,0
1809,42.80855040000001,7.1336168386560015
1810,38.624256,1.3696161177600001
1811,6.437376,0
1812,24.14016,4.0227162624
1814,70.811136,11.799967703040002
1815,4.184294400000001,0
1816,6.437376,0
1817,48.28032,8.0454325248
1818,48.28032,1.7120201472
1819,64.37376,2.2826935296
1820,45.061632,7.5090703564800005
1821,41.842944,6.972708188160001
1822,3.218688,0
1823,28.968192000000002,4.827259514880001
1824,32.18688,0
1826,28.968192000000002,4.827259514880001
1827,61.155072000000004,10.190881198080001
1828,38.624256,3.9454677504000006
1829,35.405568,5.899983851520001
1830,96.56064,16.0908650496
1831,154.497024,25.745384079360004
